{
	"info": {
		"_postman_id": "a359516a-1398-4ce8-9cf4-10208006e1ae",
		"name": "ubicacion",
		"schema": "https://schema.getpostman.com/json/collection/v2.1.0/collection.json",
		"_exporter_id": "31409465"
	},
	"item": [
		{
			"name": "continente",
			"item": [
				{
					"name": "FindAll",
					"request": {
						"method": "GET",
						"header": [],
						"url": {
							"raw": "http://localhost:9000/v2/api/FindAll",
							"protocol": "http",
							"host": [
								"localhost"
							],
							"port": "9000",
							"path": [
								"v2",
								"api",
								"FindAll"
							]
						}
					},
					"response": []
				},
				{
					"name": "FindById",
					"request": {
						"method": "GET",
						"header": [],
						"url": {
							"raw": "http://localhost:9000/v2/api/FindById",
							"protocol": "http",
							"host": [
								"localhost"
							],
							"port": "9000",
							"path": [
								"v2",
								"api",
								"FindById"
							]
						}
					},
					"response": []
				},
				{
					"name": "Save",
					"request": {
						"method": "POST",
						"header": [],
						"body": {
							"mode": "raw",
							"raw": "{\r\n  \"estado\":true,\r\n  \"codigo\":\"\",\r\n  \"nombre\":\"\"\r\n}"
						},
						"url": {
							"raw": "http://localhost:9000/v2/api/Save",
							"protocol": "http",
							"host": [
								"localhost"
							],
							"port": "9000",
							"path": [
								"v2",
								"api",
								"Save"
							]
						}
					},
					"response": []
				},
				{
					"name": "Update",
					"request": {
						"method": "PUT",
						"header": [],
						"body": {
							"mode": "raw",
							"raw": "{\r\n  \"estado\":true,\r\n  \"codigo\":\"\",\r\n  \"nombre\":\"\"\r\n}"
						},
						"url": {
							"raw": "http://localhost:9000/v2/api/Update",
							"protocol": "http",
							"host": [
								"localhost"
							],
							"port": "9000",
							"path": [
								"v2",
								"api",
								"Update"
							]
						}
					},
					"response": []
				},
				{
					"name": "DeleteAt",
					"request": {
						"method": "PUT",
						"header": [],
						"body": {
							"mode": "raw",
							"raw": "{\r\n  \"estado\":true,\r\n  \"codigo\":\"\",\r\n  \"nombre\":\"\"\r\n}"
						},
						"url": {
							"raw": "http://localhost:9000/v2/api/DeleteAt",
							"protocol": "http",
							"host": [
								"localhost"
							],
							"port": "9000",
							"path": [
								"v2",
								"api",
								"DeleteAt"
							]
						}
					},
					"response": []
				},
				{
					"name": "DeleteById",
					"request": {
						"method": "DELETE",
						"header": [],
						"body": {
							"mode": "raw",
							"raw": "{\r\n  \"estado\":true,\r\n  \"codigo\":\"\",\r\n  \"nombre\":\"\"\r\n}"
						},
						"url": {
							"raw": "http://localhost:9000/v2/api/DeleteById",
							"protocol": "http",
							"host": [
								"localhost"
							],
							"port": "9000",
							"path": [
								"v2",
								"api",
								"DeleteById"
							]
						}
					},
					"response": []
				}
			]
		},
		{
			"name": "pais",
			"item": [
				{
					"name": "FindAll",
					"request": {
						"method": "GET",
						"header": [],
						"url": {
							"raw": "http://localhost:9000/v2/api/FindAll",
							"protocol": "http",
							"host": [
								"localhost"
							],
							"port": "9000",
							"path": [
								"v2",
								"api",
								"FindAll"
							]
						}
					},
					"response": []
				},
				{
					"name": "FindById",
					"request": {
						"method": "GET",
						"header": [],
						"url": {
							"raw": "http://localhost:9000/v2/api/FindById",
							"protocol": "http",
							"host": [
								"localhost"
							],
							"port": "9000",
							"path": [
								"v2",
								"api",
								"FindById"
							]
						}
					},
					"response": []
				},
				{
					"name": "Save",
					"request": {
						"method": "POST",
						"header": [],
						"body": {
							"mode": "raw",
							"raw": "{\r\n  \"estado\":true,\r\n  \"codigo\":\"\",\r\n  \"nombre\":\"\",\r\n  \"continenteId\":{\r\n      \"id\":\r\n  }\r\n}"
						},
						"url": {
							"raw": "http://localhost:9000/v2/api/Save",
							"protocol": "http",
							"host": [
								"localhost"
							],
							"port": "9000",
							"path": [
								"v2",
								"api",
								"Save"
							]
						}
					},
					"response": []
				},
				{
					"name": "Update",
					"request": {
						"method": "PUT",
						"header": [],
						"body": {
							"mode": "raw",
							"raw": "{\r\n  \"estado\":true,\r\n  \"codigo\":\"\",\r\n  \"nombre\":\"\",\r\n  \"continente\":{\r\n      \"id\":\r\n    }\r\n}"
						},
						"url": {
							"raw": "http://localhost:9000/v2/api/Update",
							"protocol": "http",
							"host": [
								"localhost"
							],
							"port": "9000",
							"path": [
								"v2",
								"api",
								"Update"
							]
						}
					},
					"response": []
				},
				{
					"name": "DeleteAt",
					"request": {
						"method": "PUT",
						"header": [],
						"body": {
							"mode": "raw",
							"raw": "{\r\n  \"estado\":true,\r\n  \"codigo\":\"\",\r\n  \"nombre\":\"\"\r\n}"
						},
						"url": {
							"raw": "http://localhost:9000/v2/api/DeleteAt",
							"protocol": "http",
							"host": [
								"localhost"
							],
							"port": "9000",
							"path": [
								"v2",
								"api",
								"DeleteAt"
							]
						}
					},
					"response": []
				},
				{
					"name": "DeleteById",
					"request": {
						"method": "DELETE",
						"header": [],
						"body": {
							"mode": "raw",
							"raw": "{\r\n  \"estado\":true,\r\n  \"codigo\":\"\",\r\n  \"nombre\":\"\"\r\n}"
						},
						"url": {
							"raw": "http://localhost:9000/v2/api/DeleteById",
							"protocol": "http",
							"host": [
								"localhost"
							],
							"port": "9000",
							"path": [
								"v2",
								"api",
								"DeleteById"
							]
						}
					},
					"response": []
				}
			]
		},
		{
			"name": "departamento",
			"item": [
				{
					"name": "FindAll",
					"request": {
						"method": "GET",
						"header": [],
						"url": {
							"raw": "http://localhost:9000/v2/api/FindAll",
							"protocol": "http",
							"host": [
								"localhost"
							],
							"port": "9000",
							"path": [
								"v2",
								"api",
								"FindAll"
							]
						}
					},
					"response": []
				},
				{
					"name": "FindById",
					"request": {
						"method": "GET",
						"header": [],
						"url": {
							"raw": "http://localhost:9000/v2/api/FindById",
							"protocol": "http",
							"host": [
								"localhost"
							],
							"port": "9000",
							"path": [
								"v2",
								"api",
								"FindById"
							]
						}
					},
					"response": []
				},
				{
					"name": "Save",
					"request": {
						"method": "POST",
						"header": [],
						"body": {
							"mode": "raw",
							"raw": "{\r\n  \"estado\":true,\r\n  \"codigo\":\"\",\r\n  \"nombre\":\"\",\r\n  \"continenteId\":{\r\n      \"id\":\r\n  }\r\n}"
						},
						"url": {
							"raw": "http://localhost:9000/v2/api/Save",
							"protocol": "http",
							"host": [
								"localhost"
							],
							"port": "9000",
							"path": [
								"v2",
								"api",
								"Save"
							]
						}
					},
					"response": []
				},
				{
					"name": "Update",
					"request": {
						"method": "PUT",
						"header": [],
						"body": {
							"mode": "raw",
							"raw": "{\r\n  \"estado\":true,\r\n  \"codigo\":\"\",\r\n  \"nombre\":\"\",\r\n  \"continente\":{\r\n      \"id\":\r\n    }\r\n}"
						},
						"url": {
							"raw": "http://localhost:9000/v2/api/Update",
							"protocol": "http",
							"host": [
								"localhost"
							],
							"port": "9000",
							"path": [
								"v2",
								"api",
								"Update"
							]
						}
					},
					"response": []
				},
				{
					"name": "DeleteAt",
					"request": {
						"method": "PUT",
						"header": [],
						"body": {
							"mode": "raw",
							"raw": "{\r\n  \"estado\":true,\r\n  \"codigo\":\"\",\r\n  \"nombre\":\"\"\r\n}"
						},
						"url": {
							"raw": "http://localhost:9000/v2/api/DeleteAt",
							"protocol": "http",
							"host": [
								"localhost"
							],
							"port": "9000",
							"path": [
								"v2",
								"api",
								"DeleteAt"
							]
						}
					},
					"response": []
				},
				{
					"name": "DeleteById",
					"request": {
						"method": "DELETE",
						"header": [],
						"body": {
							"mode": "raw",
							"raw": "{\r\n  \"estado\":true,\r\n  \"codigo\":\"\",\r\n  \"nombre\":\"\"\r\n}"
						},
						"url": {
							"raw": "http://localhost:9000/v2/api/DeleteById",
							"protocol": "http",
							"host": [
								"localhost"
							],
							"port": "9000",
							"path": [
								"v2",
								"api",
								"DeleteById"
							]
						}
					},
					"response": []
				}
			]
		},
		{
			"name": "ciudad",
			"item": [
				{
					"name": "FindAll",
					"request": {
						"method": "GET",
						"header": [],
						"url": {
							"raw": "http://localhost:9000/v2/api/FindAll",
							"protocol": "http",
							"host": [
								"localhost"
							],
							"port": "9000",
							"path": [
								"v2",
								"api",
								"FindAll"
							]
						}
					},
					"response": []
				},
				{
					"name": "FindById",
					"request": {
						"method": "GET",
						"header": [],
						"url": {
							"raw": "http://localhost:9000/v2/api/FindById",
							"protocol": "http",
							"host": [
								"localhost"
							],
							"port": "9000",
							"path": [
								"v2",
								"api",
								"FindById"
							]
						}
					},
					"response": []
				},
				{
					"name": "Save",
					"request": {
						"method": "POST",
						"header": [],
						"body": {
							"mode": "raw",
							"raw": "{\r\n  \"estado\":true,\r\n  \"codigo\":\"\",\r\n  \"nombre\":\"\",\r\n  \"continenteId\":{\r\n      \"id\":\r\n  }\r\n}"
						},
						"url": {
							"raw": "http://localhost:9000/v2/api/Save",
							"protocol": "http",
							"host": [
								"localhost"
							],
							"port": "9000",
							"path": [
								"v2",
								"api",
								"Save"
							]
						}
					},
					"response": []
				},
				{
					"name": "Update",
					"request": {
						"method": "PUT",
						"header": [],
						"body": {
							"mode": "raw",
							"raw": "{\r\n  \"estado\":true,\r\n  \"codigo\":\"\",\r\n  \"nombre\":\"\",\r\n  \"continente\":{\r\n      \"id\":\r\n    }\r\n}"
						},
						"url": {
							"raw": "http://localhost:9000/v2/api/Update",
							"protocol": "http",
							"host": [
								"localhost"
							],
							"port": "9000",
							"path": [
								"v2",
								"api",
								"Update"
							]
						}
					},
					"response": []
				},
				{
					"name": "DeleteAt",
					"request": {
						"method": "PUT",
						"header": [],
						"body": {
							"mode": "raw",
							"raw": "{\r\n  \"estado\":true,\r\n  \"codigo\":\"\",\r\n  \"nombre\":\"\"\r\n}"
						},
						"url": {
							"raw": "http://localhost:9000/v2/api/DeleteAt",
							"protocol": "http",
							"host": [
								"localhost"
							],
							"port": "9000",
							"path": [
								"v2",
								"api",
								"DeleteAt"
							]
						}
					},
					"response": []
				},
				{
					"name": "DeleteById",
					"request": {
						"method": "DELETE",
						"header": [],
						"body": {
							"mode": "raw",
							"raw": "{\r\n  \"estado\":true,\r\n  \"codigo\":\"\",\r\n  \"nombre\":\"\"\r\n}"
						},
						"url": {
							"raw": "http://localhost:9000/v2/api/DeleteById",
							"protocol": "http",
							"host": [
								"localhost"
							],
							"port": "9000",
							"path": [
								"v2",
								"api",
								"DeleteById"
							]
						}
					},
					"response": []
				}
			]
		}
	]
}